Workbook

Sheet Database
A1: Exercise Name | B1: Primary Muscle | C1: Secondary Muscle | D1: Movement Pattern
A2: Dumbbell Bench Press | B2: Chest | C2: Triceps | D2: Horizontal Push
A3: Incline Barbell Bench | B3: Chest | C3: Front Delts | D3: Incline Push
A4: Barbell Squat | B4: Quads | C4: Glutes | D4: Squat
A5: Leg Press | B5: Quads | C5: None | D5: Squat
A6: Deadlift | B6: Hamstrings | C6: Back | D6: Hinge
A7: Romanian Deadlift (RDL) | B7: Hamstrings | C7: Glutes | D7: Hinge
A8: Pull Up | B8: Back | C8: Biceps | D8: Vertical Pull
A9: Lat Pulldown | B9: Back | C9: Biceps | D9: Vertical Pull
A10: Barbell Row | B10: Back | C10: Biceps | D10: Horizontal Pull
A11: Seated Cable Row | B11: Back | C11: Biceps | D11: Horizontal Pull
A12: Overhead Press | B12: Shoulders | C12: Triceps | D12: Vertical Push
... A18: Calf Raise | B18: Calves | C18: None | D18: Isolation

Sheet Routine
A1: Client Name: | L1: DASHBOARD & INSIGHTS
A2: Current Phase: | B2: Hypertrophy Block 1
A3: Date/Week: | B3: Week 1 | L3: Muscle Group | M3: Total Sets (Vol) | N3: % of Total
A4: Primary Goal: | B4: Build Mass | L4: Chest | M4: =SUMIFS($C$7:$C$56, $I$7:$I$56, L4)*1.0 + SUMIFS($C$7:$C$56, $J$7:$J$56, L4)*0.5 -> 0 | N4: =IF(SUM($M$4:$M$13)=0, 0, M4/SUM($M$4:$M$13)) -> 0
L5: Back | M5: =SUMIFS($C$7:$C$56, $I$7:$I$56, L5)*1.0 + SUMIFS($C$7:$C$56, $J$7:$J$56, L5)*0.5 -> 0 | N5: =IF(SUM($M$4:$M$13)=0, 0, M5/SUM($M$4:$M$13)) -> 0
A6: Day/Block | B6: Exercise Name | C6: Sets | D6: Target Reps | E6: Load / Weight | F6: RPE / RIR | G6: Rest Time | H6: Volume Load | I6: Primary (Hidden) | J6: Secondary (Hidden) | L6: Quads | M6: =SUMIFS($C$7:$C$56, $I$7:$I$56, L6)*1.0 + SUMIFS($C$7:$C$56, $J$7:$J$56, L6)*0.5 -> 0 | N6: =IF(SUM($M$4:$M$13)=0, 0, M6/SUM($M$4:$M$13)) -> 0
A7: Day 1 | B7: Dumbbell Bench Press | C7: 3 | D7: 8-10 | E7: 50 | F7: 8 | G7: 90s | H7: =IF(AND(ISNUMBER(C7), ISNUMBER(E7)), C7*E7, "") -> 0 | I7: =IFERROR(VLOOKUP(B7, Database!$A$2:$C$50, 2, FALSE), "") -> 0 | J7: =IFERROR(VLOOKUP(B7, Database!$A$2:$C$50, 3, FALSE), "") -> 0 | L7: Hamstrings | M7: =SUMIFS($C$7:$C$56, $I$7:$I$56, L7)*1.0 + SUMIFS($C$7:$C$56, $J$7:$J$56, L7)*0.5 -> 0 | N7: =IF(SUM($M$4:$M$13)=0, 0, M7/SUM($M$4:$M$13)) -> 0
A8: Day 1 | B8: Incline Barbell Bench | C8: 3 | D8: 8-12 | E8: 135 | F8: 8 | G8: 90s | H8: =IF(AND(ISNUMBER(C8), ISNUMBER(E8)), C8*E8, "") -> 0 | I8: =IFERROR(VLOOKUP(B8, Database!$A$2:$C$50, 2, FALSE), "") -> 0 | J8: =IFERROR(VLOOKUP(B8, Database!$A$2:$C$50, 3, FALSE), "") -> 0 | L8: Glutes | M8: =SUMIFS($C$7:$C$56, $I$7:$I$56, L8)*1.0 + SUMIFS($C$7:$C$56, $J$7:$J$56, L8)*0.5 -> 0 | N8: =IF(SUM($M$4:$M$13)=0, 0, M8/SUM($M$4:$M$13)) -> 0
A9: Day 1 | B9: Pull Up | C9: 4 | D9: AMRAP | E9: 0 | F9: 9 | G9: 120s | H9: =IF(AND(ISNUMBER(C9), ISNUMBER(E9)), C9*E9, "") -> 0 | I9: =IFERROR(VLOOKUP(B9, Database!$A$2:$C$50, 2, FALSE), "") -> 0 | J9: =IFERROR(VLOOKUP(B9, Database!$A$2:$C$50, 3, FALSE), "") -> 0 | L9: Shoulders | M9: =SUMIFS($C$7:$C$56, $I$7:$I$56, L9)*1.0 + SUMIFS($C$7:$C$56, $J$7:$J$56, L9)*0.5 -> 0 | N9: =IF(SUM($M$4:$M$13)=0, 0, M9/SUM($M$4:$M$13)) -> 0
A10: Day 1 | B10: Lateral Raise | C10: 4 | D10: 15-20 | E10: 20 | F10: 9 | G10: 60s | H10: =IF(AND(ISNUMBER(C10), ISNUMBER(E10)), C10*E10, "") -> 0 | I10: =IFERROR(VLOOKUP(B10, Database!$A$2:$C$50, 2, FALSE), "") -> 0 | J10: =IFERROR(VLOOKUP(B10, Database!$A$2:$C$50, 3, FALSE), "") -> 0 | L10: Triceps | M10: =SUMIFS($C$7:$C$56, $I$7:$I$56, L10)*1.0 + SUMIFS($C$7:$C$56, $J$7:$J$56, L10)*0.5 -> 0 | N10: =IF(SUM($M$4:$M$13)=0, 0, M10/SUM($M$4:$M$13)) -> 0
H11: =IF(AND(ISNUMBER(C11), ISNUMBER(E11)), C11*E11, "") -> 0 | I11: =IFERROR(VLOOKUP(B11, Database!$A$2:$C$50, 2, FALSE), "") -> 0 | J11: =IFERROR(VLOOKUP(B11, Database!$A$2:$C$50, 3, FALSE), "") -> 0 | L11: Biceps | M11: =SUMIFS($C$7:$C$56, $I$7:$I$56, L11)*1.0 + SUMIFS($C$7:$C$56, $J$7:$J$56, L11)*0.5 -> 0 | N11: =IF(SUM($M$4:$M$13)=0, 0, M11/SUM($M$4:$M$13)) -> 0
H12: =IF(AND(ISNUMBER(C12), ISNUMBER(E12)), C12*E12, "") -> 0 | I12: =IFERROR(VLOOKUP(B12, Database!$A$2:$C$50, 2, FALSE), "") -> 0 | J12: =IFERROR(VLOOKUP(B12, Database!$A$2:$C$50, 3, FALSE), "") -> 0 | L12: Front Delts | M12: =SUMIFS($C$7:$C$56, $I$7:$I$56, L12)*1.0 + SUMIFS($C$7:$C$56, $J$7:$J$56, L12)*0.5 -> 0 | N12: =IF(SUM($M$4:$M$13)=0, 0, M12/SUM($M$4:$M$13)) -> 0
H13: =IF(AND(ISNUMBER(C13), ISNUMBER(E13)), C13*E13, "") -> 0 | I13: =IFERROR(VLOOKUP(B13, Database!$A$2:$C$50, 2, FALSE), "") -> 0 | J13: =IFERROR(VLOOKUP(B13, Database!$A$2:$C$50, 3, FALSE), "") -> 0 | L13: Calves | M13: =SUMIFS($C$7:$C$56, $I$7:$I$56, L13)*1.0 + SUMIFS($C$7:$C$56, $J$7:$J$56, L13)*0.5 -> 0 | N13: =IF(SUM($M$4:$M$13)=0, 0, M13/SUM($M$4:$M$13)) -> 0
H14: =IF(AND(ISNUMBER(C14), ISNUMBER(E14)), C14*E14, "") -> 0 | I14: =IFERROR(VLOOKUP(B14, Database!$A$2:$C$50, 2, FALSE), "") -> 0 | J14: =IFERROR(VLOOKUP(B14, Database!$A$2:$C$50, 3, FALSE), "") -> 0
H15: =IF(AND(ISNUMBER(C15), ISNUMBER(E15)), C15*E15, "") -> 0 | I15: =IFERROR(VLOOKUP(B15, Database!$A$2:$C$50, 2, FALSE), "") -> 0 | J15: =IFERROR(VLOOKUP(B15, Database!$A$2:$C$50, 3, FALSE), "") -> 0
H16: =IF(AND(ISNUMBER(C16), ISNUMBER(E16)), C16*E16, "") -> 0 | I16: =IFERROR(VLOOKUP(B16, Database!$A$2:$C$50, 2, FALSE), "") -> 0 | J16: =IFERROR(VLOOKUP(B16, Database!$A$2:$C$50, 3, FALSE), "") -> 0
H17: =IF(AND(ISNUMBER(C17), ISNUMBER(E17)), C17*E17, "") -> 0 | I17: =IFERROR(VLOOKUP(B17, Database!$A$2:$C$50, 2, FALSE), "") -> 0 | J17: =IFERROR(VLOOKUP(B17, Database!$A$2:$C$50, 3, FALSE), "") -> 0
H18: =IF(AND(ISNUMBER(C18), ISNUMBER(E18)), C18*E18, "") -> 0 | I18: =IFERROR(VLOOKUP(B18, Database!$A$2:$C$50, 2, FALSE), "") -> 0 | J18: =IFERROR(VLOOKUP(B18, Database!$A$2:$C$50, 3, FALSE), "") -> 0
H19: =IF(AND(ISNUMBER(C19), ISNUMBER(E19)), C19*E19, "") -> 0 | I19: =IFERROR(VLOOKUP(B19, Database!$A$2:$C$50, 2, FALSE), "") -> 0 | J19: =IFERROR(VLOOKUP(B19, Database!$A$2:$C$50, 3, FALSE), "") -> 0
H20: =IF(AND(ISNUMBER(C20), ISNUMBER(E20)), C20*E20, "") -> 0 | I20: =IFERROR(VLOOKUP(B20, Database!$A$2:$C$50, 2, FALSE), "") -> 0 | J20: =IFERROR(VLOOKUP(B20, Database!$A$2:$C$50, 3, FALSE), "") -> 0
H21: =IF(AND(ISNUMBER(C21), ISNUMBER(E21)), C21*E21, "") -> 0 | I21: =IFERROR(VLOOKUP(B21, Database!$A$2:$C$50, 2, FALSE), "") -> 0 | J21: =IFERROR(VLOOKUP(B21, Database!$A$2:$C$50, 3, FALSE), "") -> 0
H22: =IF(AND(ISNUMBER(C22), ISNUMBER(E22)), C22*E22, "") -> 0 | I22: =IFERROR(VLOOKUP(B22, Database!$A$2:$C$50, 2, FALSE), "") -> 0 | J22: =IFERROR(VLOOKUP(B22, Database!$A$2:$C$50, 3, FALSE), "") -> 0
H23: =IF(AND(ISNUMBER(C23), ISNUMBER(E23)), C23*E23, "") -> 0 | I23: =IFERROR(VLOOKUP(B23, Database!$A$2:$C$50, 2, FALSE), "") -> 0 | J23: =IFERROR(VLOOKUP(B23, Database!$A$2:$C$50, 3, FALSE), "") -> 0
H24: =IF(AND(ISNUMBER(C24), ISNUMBER(E24)), C24*E24, "") -> 0 | I24: =IFERROR(VLOOKUP(B24, Database!$A$2:$C$50, 2, FALSE), "") -> 0 | J24: =IFERROR(VLOOKUP(B24, Database!$A$2:$C$50, 3, FALSE), "") -> 0
H25: =IF(AND(ISNUMBER(C25), ISNUMBER(E25)), C25*E25, "") -> 0 | I25: =IFERROR(VLOOKUP(B25, Database!$A$2:$C$50, 2, FALSE), "") -> 0 | J25: =IFERROR(VLOOKUP(B25, Database!$A$2:$C$50, 3, FALSE), "") -> 0
... H56: =IF(AND(ISNUMBER(C56), ISNUMBER(E56)), C56*E56, "") -> 0 | I56: =IFERROR(VLOOKUP(B56, Database!$A$2:$C$50, 2, FALSE), "") -> 0 | J56: =IFERROR(VLOOKUP(B56, Database!$A$2:$C$50, 3, FALSE), "") -> 0
